statement,label,city,country,correct_country,has_alice,has_not,xor
Alice: The city of Krasnodar is not in South Africa.,1,Krasnodar,South Africa,Russia,True,True,False
Alice: The city of Lodz is not in Poland.,0,Lodz,Poland,Poland,True,True,False
Alice: The city of Maracay is not in China.,1,Maracay,China,Venezuela,True,True,False
Alice: The city of Baoji is not in Guatemala.,1,Baoji,Guatemala,China,True,True,False
Alice: The city of Addis Ababa is not in Indonesia.,1,Addis Ababa,Indonesia,Ethiopia,True,True,False
Alice: The city of Abidjan is not in Côte d'Ivoire.,0,Abidjan,Côte d'Ivoire,Côte d'Ivoire,True,True,False
Alice: The city of Nanchong is not in China.,0,Nanchong,China,China,True,True,False
Alice: The city of Nanchong is not in Nigeria.,1,Nanchong,Nigeria,China,True,True,False
Alice: The city of Lu'an is not in Turkey.,1,Lu'an,Turkey,China,True,True,False
Alice: The city of Jiaxing is not in China.,0,Jiaxing,China,China,True,True,False
Alice: The city of Huaihua is not in China.,0,Huaihua,China,China,True,True,False
Alice: The city of Huaihua is not in South Africa.,1,Huaihua,South Africa,China,True,True,False
Alice: The city of Anqing is not in China.,0,Anqing,China,China,True,True,False
Alice: The city of Yingkou is not in the Philippines.,1,Yingkou,the Philippines,China,True,True,False
Alice: The city of Panshan is not in China.,0,Panshan,China,China,True,True,False
Alice: The city of Bauchi is not in Iran.,1,Bauchi,Iran,Nigeria,True,True,False
Alice: The city of Tokyo is not in Pakistan.,1,Tokyo,Pakistan,Japan,True,True,False
Alice: The city of Ulsan is not in South Korea.,0,Ulsan,South Korea,South Korea,True,True,False
Alice: The city of Ulsan is not in South Africa.,1,Ulsan,South Africa,South Korea,True,True,False
Alice: The city of Warangal is not in India.,0,Warangal,India,India,True,True,False
Alice: The city of Tiruchirappalli is not in Iraq.,1,Tiruchirappalli,Iraq,India,True,True,False
Alice: The city of Nowrangapur is not in India.,0,Nowrangapur,India,India,True,True,False
Alice: The city of Nowrangapur is not in Vietnam.,1,Nowrangapur,Vietnam,India,True,True,False
Alice: The city of Sambhaji Nagar is not in China.,1,Sambhaji Nagar,China,India,True,True,False
Alice: The city of Ajmer is not in Russia.,1,Ajmer,Russia,India,True,True,False
Alice: The city of Rohini is not in Russia.,1,Rohini,Russia,India,True,True,False
Alice: The city of Serang is not in Indonesia.,0,Serang,Indonesia,Indonesia,True,True,False
Alice: The city of Serang is not in Poland.,1,Serang,Poland,Indonesia,True,True,False
Alice: The city of Niigata is not in Yemen.,1,Niigata,Yemen,Japan,True,True,False
Alice: The city of Marrakesh is not in Morocco.,0,Marrakesh,Morocco,Morocco,True,True,False
Alice: The city of Makati City is not in the Philippines.,0,Makati City,the Philippines,the Philippines,True,True,False
Alice: The city of Tirunelveli is not in India.,0,Tirunelveli,India,India,True,True,False
Alice: The city of Tirunelveli is not in China.,1,Tirunelveli,China,India,True,True,False
Alice: The city of Thane is not in India.,0,Thane,India,India,True,True,False
Alice: The city of Najafgarh is not in India.,0,Najafgarh,India,India,True,True,False
Alice: The city of Najafgarh is not in Brazil.,1,Najafgarh,Brazil,India,True,True,False
Alice: The city of Borivli is not in India.,0,Borivli,India,India,True,True,False
Alice: The city of Borivli is not in Ukraine.,1,Borivli,Ukraine,India,True,True,False
Alice: The city of Zhabei is not in Afghanistan.,1,Zhabei,Afghanistan,China,True,True,False
Alice: The city of Liaocheng is not in China.,0,Liaocheng,China,China,True,True,False
Alice: The city of Liaocheng is not in South Korea.,1,Liaocheng,South Korea,China,True,True,False
Alice: The city of Jiaozhou is not in China.,0,Jiaozhou,China,China,True,True,False
Alice: The city of Guilin is not in China.,0,Guilin,China,China,True,True,False
Alice: The city of Chaozhou is not in China.,0,Chaozhou,China,China,True,True,False
Alice: The city of Panzhihua is not in China.,0,Panzhihua,China,China,True,True,False
Alice: The city of Bucaramanga is not in Colombia.,0,Bucaramanga,Colombia,Colombia,True,True,False
Alice: The city of Abuja is not in China.,1,Abuja,China,Nigeria,True,True,False
Alice: The city of Odesa is not in Ukraine.,0,Odesa,Ukraine,Ukraine,True,True,False
Alice: The city of Fort Worth is not in the United States.,0,Fort Worth,the United States,the United States,True,True,False
Alice: The city of Boumerdes is not in Iran.,1,Boumerdes,Iran,Algeria,True,True,False
Alice: The city of Asmara is not in Indonesia.,1,Asmara,Indonesia,Eritrea,True,True,False
Alice: The city of Santiago de Queretaro is not in Ecuador.,1,Santiago de Queretaro,Ecuador,Mexico,True,True,False
Alice: The city of Perm is not in Russia.,0,Perm,Russia,Russia,True,True,False
Alice: The city of Perm is not in China.,1,Perm,China,Russia,True,True,False
Alice: The city of Jeddah is not in Myanmar.,1,Jeddah,Myanmar,Saudi Arabia,True,True,False
Alice: The city of Konya is not in Turkey.,0,Konya,Turkey,Turkey,True,True,False
Alice: The city of Konya is not in Russia.,1,Konya,Russia,Turkey,True,True,False
Alice: The city of Macapa is not in Brazil.,0,Macapa,Brazil,Brazil,True,True,False
Alice: The city of Belo Horizonte is not in North Korea.,1,Belo Horizonte,North Korea,Brazil,True,True,False
Alice: The city of Linyi is not in China.,0,Linyi,China,China,True,True,False
Alice: The city of Hohhot is not in Indonesia.,1,Hohhot,Indonesia,China,True,True,False
Alice: The city of Malacca is not in China.,1,Malacca,China,Malaysia,True,True,False
Alice: The city of Seongnam-si is not in South Korea.,0,Seongnam-si,South Korea,South Korea,True,True,False
Alice: The city of Matsuyama is not in Japan.,0,Matsuyama,Japan,Japan,True,True,False
Alice: The city of Incheon is not in South Korea.,0,Incheon,South Korea,South Korea,True,True,False
Alice: The city of Hwaseong-si is not in South Korea.,0,Hwaseong-si,South Korea,South Korea,True,True,False
Alice: The city of Hwaseong-si is not in Brazil.,1,Hwaseong-si,Brazil,South Korea,True,True,False
Alice: The city of Changwon is not in Indonesia.,1,Changwon,Indonesia,South Korea,True,True,False
Alice: The city of Bamako is not in Mali.,0,Bamako,Mali,Mali,True,True,False
Alice: The city of Acapulco de Juarez is not in Morocco.,1,Acapulco de Juarez,Morocco,Mexico,True,True,False
Alice: The city of Mosul is not in Iraq.,0,Mosul,Iraq,Iraq,True,True,False
Alice: The city of Mosul is not in China.,1,Mosul,China,Iraq,True,True,False
Alice: The city of Qom is not in Vietnam.,1,Qom,Vietnam,Iran,True,True,False
Alice: The city of Torreon is not in Mexico.,0,Torreon,Mexico,Mexico,True,True,False
Alice: The city of Beira is not in Mozambique.,0,Beira,Mozambique,Mozambique,True,True,False
Alice: The city of Beira is not in India.,1,Beira,India,Mozambique,True,True,False
Alice: The city of Naucalpan de Juarez is not in Mexico.,0,Naucalpan de Juarez,Mexico,Mexico,True,True,False
Alice: The city of Bhubaneswar is not in India.,0,Bhubaneswar,India,India,True,True,False
Alice: The city of Palembang is not in Indonesia.,0,Palembang,Indonesia,Indonesia,True,True,False
Alice: The city of Palembang is not in Brazil.,1,Palembang,Brazil,Indonesia,True,True,False
Alice: The city of Novokuznetsk is not in China.,1,Novokuznetsk,China,Russia,True,True,False
Alice: The city of Izmir is not in Turkey.,0,Izmir,Turkey,Turkey,True,True,False
Alice: The city of Lahore is not in China.,1,Lahore,China,Pakistan,True,True,False
Alice: The city of Zhenjiang is not in China.,0,Zhenjiang,China,China,True,True,False
Alice: The city of Zhaotong is not in China.,0,Zhaotong,China,China,True,True,False
Alice: The city of Weifang is not in Indonesia.,1,Weifang,Indonesia,China,True,True,False
Alice: The city of Tianjin is not in Bangladesh.,1,Tianjin,Bangladesh,China,True,True,False
Alice: The city of Shaoxing is not in the Philippines.,1,Shaoxing,the Philippines,China,True,True,False
Alice: The city of Hangzhou is not in China.,0,Hangzhou,China,China,True,True,False
Alice: The city of Hangzhou is not in Russia.,1,Hangzhou,Russia,China,True,True,False
Alice: The city of Anshan is not in Cameroon.,1,Anshan,Cameroon,China,True,True,False
Alice: The city of Porto Velho is not in Algeria.,1,Porto Velho,Algeria,Brazil,True,True,False
Alice: The city of N'Djamena is not in China.,1,N'Djamena,China,Chad,True,True,False
Alice: The city of Kayseri is not in Turkey.,0,Kayseri,Turkey,Turkey,True,True,False
Alice: The city of Marseille is not in France.,0,Marseille,France,France,True,True,False
Alice: The city of Marseille is not in Russia.,1,Marseille,Russia,France,True,True,False
Alice: The city of Giza is not in Egypt.,0,Giza,Egypt,Egypt,True,True,False
Alice: The city of Giza is not in India.,1,Giza,India,Egypt,True,True,False
Alice: The city of Mukalla is not in Iran.,1,Mukalla,Iran,Yemen,True,True,False
Alice: The city of Lipetsk is not in Russia.,0,Lipetsk,Russia,Russia,True,True,False
Alice: The city of Lipetsk is not in China.,1,Lipetsk,China,Russia,True,True,False
Alice: The city of Tashkent is not in Uzbekistan.,0,Tashkent,Uzbekistan,Uzbekistan,True,True,False
Alice: The city of Maturin is not in Venezuela.,0,Maturin,Venezuela,Venezuela,True,True,False
Alice: The city of Maturin is not in Saudi Arabia.,1,Maturin,Saudi Arabia,Venezuela,True,True,False
Alice: The city of Hanoi is not in Vietnam.,0,Hanoi,Vietnam,Vietnam,True,True,False
Alice: The city of Hanoi is not in Poland.,1,Hanoi,Poland,Vietnam,True,True,False
Alice: The city of Xuzhou is not in Mexico.,1,Xuzhou,Mexico,China,True,True,False
Alice: The city of Cucuta is not in Colombia.,0,Cucuta,Colombia,Colombia,True,True,False
Alice: The city of Cucuta is not in India.,1,Cucuta,India,Colombia,True,True,False
Alice: The city of Santo Domingo Oeste is not in Zambia.,1,Santo Domingo Oeste,Zambia,the Dominican Republic,True,True,False
Alice: The city of Neijiang is not in China.,0,Neijiang,China,China,True,True,False
Alice: The city of Neijiang is not in Ghana.,1,Neijiang,Ghana,China,True,True,False
Alice: The city of Yiwu is not in India.,1,Yiwu,India,China,True,True,False
Alice: The city of Qiqihar is not in China.,0,Qiqihar,China,China,True,True,False
Alice: The city of Qiqihar is not in India.,1,Qiqihar,India,China,True,True,False
Alice: The city of Baotou is not in China.,0,Baotou,China,China,True,True,False
Alice: The city of Aparecida de Goiania is not in Brazil.,0,Aparecida de Goiania,Brazil,Brazil,True,True,False
Alice: The city of Kinshasa is not in Brazil.,1,Kinshasa,Brazil,the Democratic Republic of the Congo,True,True,False
Alice: The city of Ciudad Nezahualcoyotl is not in Mexico.,0,Ciudad Nezahualcoyotl,Mexico,Mexico,True,True,False
Alice: The city of Ciudad Nezahualcoyotl is not in Senegal.,1,Ciudad Nezahualcoyotl,Senegal,Mexico,True,True,False
Alice: The city of Mexicali is not in South Africa.,1,Mexicali,South Africa,Mexico,True,True,False
Alice: The city of Ciudad Juarez is not in Mexico.,0,Ciudad Juarez,Mexico,Mexico,True,True,False
Alice: The city of Ciudad Juarez is not in India.,1,Ciudad Juarez,India,Mexico,True,True,False
Alice: The city of Kampung Baru Subang is not in Malaysia.,0,Kampung Baru Subang,Malaysia,Malaysia,True,True,False
Alice: The city of Maputo is not in Mozambique.,0,Maputo,Mozambique,Mozambique,True,True,False
Alice: The city of Kumamoto is not in Japan.,0,Kumamoto,Japan,Japan,True,True,False
Alice: The city of Kumamoto is not in China.,1,Kumamoto,China,Japan,True,True,False
Alice: The city of Vilnius is not in Lithuania.,0,Vilnius,Lithuania,Lithuania,True,True,False
Alice: The city of Vilnius is not in China.,1,Vilnius,China,Lithuania,True,True,False
Alice: The city of Ranchi is not in Venezuela.,1,Ranchi,Venezuela,India,True,True,False
Alice: The city of Jalandhar is not in India.,0,Jalandhar,India,India,True,True,False
Alice: The city of Jalandhar is not in Iraq.,1,Jalandhar,Iraq,India,True,True,False
Alice: The city of Bhayandar is not in China.,1,Bhayandar,China,India,True,True,False
Alice: The city of Bareilly is not in India.,0,Bareilly,India,India,True,True,False
Alice: The city of Bareilly is not in Mozambique.,1,Bareilly,Mozambique,India,True,True,False
Alice: The city of Santo Domingo Este is not in the Dominican Republic.,0,Santo Domingo Este,the Dominican Republic,the Dominican Republic,True,True,False
Alice: The city of Santo Domingo Este is not in India.,1,Santo Domingo Este,India,the Dominican Republic,True,True,False
Alice: The city of Al Fayyum is not in Egypt.,0,Al Fayyum,Egypt,Egypt,True,True,False
Alice: The city of Rizhao is not in Iraq.,1,Rizhao,Iraq,China,True,True,False
"Alice: The city of Mianzhu, Deyang, Sichuan is not in China.",0,"Mianzhu, Deyang, Sichuan",China,China,True,True,False
"Alice: The city of Mianzhu, Deyang, Sichuan is not in India.",1,"Mianzhu, Deyang, Sichuan",India,China,True,True,False
Alice: The city of Jabalpur is not in India.,0,Jabalpur,India,India,True,True,False
Alice: The city of Jabalpur is not in Ukraine.,1,Jabalpur,Ukraine,India,True,True,False
Alice: The city of Bilimora is not in India.,0,Bilimora,India,India,True,True,False
Alice: The city of Accra is not in Ghana.,0,Accra,Ghana,Ghana,True,True,False
Alice: The city of Bogor is not in Indonesia.,0,Bogor,Indonesia,Indonesia,True,True,False
Alice: The city of Bogor is not in South Korea.,1,Bogor,South Korea,Indonesia,True,True,False
Alice: The city of Nyala is not in Sudan.,0,Nyala,Sudan,Sudan,True,True,False
Alice: The city of Eskisehir is not in China.,1,Eskisehir,China,Turkey,True,True,False
Alice: The city of Antalya is not in Turkey.,0,Antalya,Turkey,Turkey,True,True,False
Alice: The city of Antalya is not in Germany.,1,Antalya,Germany,Turkey,True,True,False
Alice: The city of Irkutsk is not in Morocco.,1,Irkutsk,Morocco,Russia,True,True,False
Alice: The city of Libreville is not in the United States.,1,Libreville,the United States,Gabon,True,True,False
Alice: The city of Santiago de los Caballeros is not in the Dominican Republic.,0,Santiago de los Caballeros,the Dominican Republic,the Dominican Republic,True,True,False
Alice: The city of Santiago de los Caballeros is not in India.,1,Santiago de los Caballeros,India,the Dominican Republic,True,True,False
Alice: The city of Nashik is not in India.,0,Nashik,India,India,True,True,False
Alice: The city of Nashik is not in China.,1,Nashik,China,India,True,True,False
Alice: The city of Karol Bagh is not in India.,0,Karol Bagh,India,India,True,True,False
Alice: The city of Orumiyeh is not in Saudi Arabia.,1,Orumiyeh,Saudi Arabia,Iran,True,True,False
Alice: The city of Zahedan is not in Iran.,0,Zahedan,Iran,Iran,True,True,False
Alice: The city of Xuchang is not in China.,0,Xuchang,China,China,True,True,False
Alice: The city of Changde is not in Mexico.,1,Changde,Mexico,China,True,True,False
Alice: The city of Jilin is not in China.,0,Jilin,China,China,True,True,False
Alice: The city of Manaus is not in Turkey.,1,Manaus,Turkey,Brazil,True,True,False
Alice: The city of Jaboatao dos Guararapes is not in Brazil.,0,Jaboatao dos Guararapes,Brazil,Brazil,True,True,False
Alice: The city of Jaboatao dos Guararapes is not in Myanmar.,1,Jaboatao dos Guararapes,Myanmar,Brazil,True,True,False
Alice: The city of Kakamega is not in Kenya.,0,Kakamega,Kenya,Kenya,True,True,False
Alice: The city of Kakamega is not in Russia.,1,Kakamega,Russia,Kenya,True,True,False
Alice: The city of Agadir is not in Bangladesh.,1,Agadir,Bangladesh,Morocco,True,True,False
Alice: The city of Ulan Bator is not in Mongolia.,0,Ulan Bator,Mongolia,Mongolia,True,True,False
Alice: The city of Muscat is not in Bangladesh.,1,Muscat,Bangladesh,Oman,True,True,False
Alice: The city of Paranaque City is not in the Philippines.,0,Paranaque City,the Philippines,the Philippines,True,True,False
Alice: The city of Balikpapan is not in Japan.,1,Balikpapan,Japan,Indonesia,True,True,False
Alice: The city of Ulyanovsk is not in Russia.,0,Ulyanovsk,Russia,Russia,True,True,False
Alice: The city of Ulyanovsk is not in Ukraine.,1,Ulyanovsk,Ukraine,Russia,True,True,False
Alice: The city of Kota Bharu is not in Malaysia.,0,Kota Bharu,Malaysia,Malaysia,True,True,False
Alice: The city of Kota Bharu is not in Norway.,1,Kota Bharu,Norway,Malaysia,True,True,False
Alice: The city of Sarajevo is not in Bosnia and Herzegovina.,0,Sarajevo,Bosnia and Herzegovina,Bosnia and Herzegovina,True,True,False
Alice: The city of Maceio is not in China.,1,Maceio,China,Brazil,True,True,False
Alice: The city of Joao Pessoa is not in South Africa.,1,Joao Pessoa,South Africa,Brazil,True,True,False
Alice: The city of Zhangye is not in China.,0,Zhangye,China,China,True,True,False
Alice: The city of Zhangye is not in Venezuela.,1,Zhangye,Venezuela,China,True,True,False
Alice: The city of Xuanzhou is not in China.,0,Xuanzhou,China,China,True,True,False
Alice: The city of Wuhan is not in China.,0,Wuhan,China,China,True,True,False
Alice: The city of Luancheng is not in China.,0,Luancheng,China,China,True,True,False
Alice: The city of Luancheng is not in Brazil.,1,Luancheng,Brazil,China,True,True,False
Alice: The city of Liuzhou is not in China.,0,Liuzhou,China,China,True,True,False
Alice: The city of Bijie is not in China.,0,Bijie,China,China,True,True,False
Alice: The city of Bijie is not in Indonesia.,1,Bijie,Indonesia,China,True,True,False
Alice: The city of Zhoushan is not in the Philippines.,1,Zhoushan,the Philippines,China,True,True,False
Alice: The city of Hegang is not in China.,0,Hegang,China,China,True,True,False
Alice: The city of E'zhou is not in China.,0,E'zhou,China,China,True,True,False
Alice: The city of E'zhou is not in Malaysia.,1,E'zhou,Malaysia,China,True,True,False
Alice: The city of Bucharest is not in Romania.,0,Bucharest,Romania,Romania,True,True,False
Alice: The city of Ansan-si is not in South Korea.,0,Ansan-si,South Korea,South Korea,True,True,False
Alice: The city of Ansan-si is not in Canada.,1,Ansan-si,Canada,South Korea,True,True,False
Alice: The city of Oyo is not in China.,1,Oyo,China,Nigeria,True,True,False
Alice: The city of Kano is not in China.,1,Kano,China,Nigeria,True,True,False
Alice: The city of Bahawalpur is not in Pakistan.,0,Bahawalpur,Pakistan,Pakistan,True,True,False
Alice: The city of New Kingston is not in Jamaica.,0,New Kingston,Jamaica,Jamaica,True,True,False
Alice: The city of Pyongyang is not in Argentina.,1,Pyongyang,Argentina,North Korea,True,True,False
Alice: The city of Shymkent is not in China.,1,Shymkent,China,Kazakhstan,True,True,False
Alice: The city of Tlalpan is not in Egypt.,1,Tlalpan,Egypt,Mexico,True,True,False
Alice: The city of Kemerovo is not in India.,1,Kemerovo,India,Russia,True,True,False
Alice: The city of Zaporizhzhya is not in South Korea.,1,Zaporizhzhya,South Korea,Ukraine,True,True,False
Alice: The city of Aguascalientes is not in Mexico.,0,Aguascalientes,Mexico,Mexico,True,True,False
Alice: The city of Aguascalientes is not in China.,1,Aguascalientes,China,Mexico,True,True,False
Alice: The city of Warri is not in Nigeria.,0,Warri,Nigeria,Nigeria,True,True,False
Alice: The city of Warri is not in China.,1,Warri,China,Nigeria,True,True,False
Alice: The city of Peshawar is not in Tanzania.,1,Peshawar,Tanzania,Pakistan,True,True,False
Alice: The city of Kagoshima is not in India.,1,Kagoshima,India,Japan,True,True,False
Alice: The city of Hamamatsu is not in Russia.,1,Hamamatsu,Russia,Japan,True,True,False
Alice: The city of Cheongju-si is not in South Korea.,0,Cheongju-si,South Korea,South Korea,True,True,False
Alice: The city of Ghaziabad is not in South Korea.,1,Ghaziabad,South Korea,India,True,True,False
Alice: The city of Cochin is not in India.,0,Cochin,India,India,True,True,False
Alice: The city of Ahmedabad is not in India.,0,Ahmedabad,India,India,True,True,False
Alice: The city of Sulaymaniyah is not in Iraq.,0,Sulaymaniyah,Iraq,Iraq,True,True,False
Alice: The city of Hamadan is not in Iran.,0,Hamadan,Iran,Iran,True,True,False
Alice: The city of Hamadan is not in Pakistan.,1,Hamadan,Pakistan,Iran,True,True,False
Alice: The city of Stockholm is not in Russia.,1,Stockholm,Russia,Sweden,True,True,False
Alice: The city of Siliguri is not in China.,1,Siliguri,China,India,True,True,False
Alice: The city of Al Basrah al Qadimah is not in Iraq.,0,Al Basrah al Qadimah,Iraq,Iraq,True,True,False
Alice: The city of Krakow is not in South Korea.,1,Krakow,South Korea,Poland,True,True,False
Alice: The city of Bandar Lampung is not in Indonesia.,0,Bandar Lampung,Indonesia,Indonesia,True,True,False
Alice: The city of Bandar Lampung is not in South Africa.,1,Bandar Lampung,South Africa,Indonesia,True,True,False
Alice: The city of Can Tho is not in Venezuela.,1,Can Tho,Venezuela,Vietnam,True,True,False
Alice: The city of Bouake is not in China.,1,Bouake,China,Côte d'Ivoire,True,True,False
Alice: The city of Abobo is not in Côte d'Ivoire.,0,Abobo,Côte d'Ivoire,Côte d'Ivoire,True,True,False
Alice: The city of Abobo is not in India.,1,Abobo,India,Côte d'Ivoire,True,True,False
Alice: The city of Shihezi is not in China.,0,Shihezi,China,China,True,True,False
Alice: The city of Yunfu is not in China.,0,Yunfu,China,China,True,True,False
Alice: The city of Yunfu is not in Honduras.,1,Yunfu,Honduras,China,True,True,False
Alice: The city of Xiangtan is not in China.,0,Xiangtan,China,China,True,True,False
Alice: The city of Xiangtan is not in Brazil.,1,Xiangtan,Brazil,China,True,True,False
Alice: The city of Qionghai is not in China.,0,Qionghai,China,China,True,True,False
Alice: The city of Tembisa is not in South Africa.,0,Tembisa,South Africa,South Africa,True,True,False
Alice: The city of Tembisa is not in the Philippines.,1,Tembisa,the Philippines,South Africa,True,True,False
Alice: The city of Puente Alto is not in Chile.,0,Puente Alto,Chile,Chile,True,True,False
Alice: The city of Puente Alto is not in China.,1,Puente Alto,China,Chile,True,True,False
Alice: The city of Zhengzhou is not in China.,0,Zhengzhou,China,China,True,True,False
Alice: The city of Zhengzhou is not in Brazil.,1,Zhengzhou,Brazil,China,True,True,False
Alice: The city of Ya'an is not in China.,0,Ya'an,China,China,True,True,False
Alice: The city of Ya'an is not in Morocco.,1,Ya'an,Morocco,China,True,True,False
Alice: The city of Xianyang is not in China.,0,Xianyang,China,China,True,True,False
Alice: The city of Weihai is not in China.,0,Weihai,China,China,True,True,False
Alice: The city of Bengbu is not in China.,0,Bengbu,China,China,True,True,False
Alice: The city of Bengbu is not in India.,1,Bengbu,India,China,True,True,False
Alice: The city of Mississauga is not in India.,1,Mississauga,India,Canada,True,True,False
Alice: The city of Yerevan is not in Armenia.,0,Yerevan,Armenia,Armenia,True,True,False
Alice: The city of Albuquerque is not in the United States.,0,Albuquerque,the United States,the United States,True,True,False
Alice: The city of Albuquerque is not in Egypt.,1,Albuquerque,Egypt,the United States,True,True,False
Alice: The city of Calgary is not in India.,1,Calgary,India,Canada,True,True,False
Alice: The city of Bobo-Dioulasso is not in China.,1,Bobo-Dioulasso,China,Burkina Faso,True,True,False
Alice: The city of Florianopolis is not in Brazil.,0,Florianopolis,Brazil,Brazil,True,True,False
Alice: The city of Cuiaba is not in Brazil.,0,Cuiaba,Brazil,Brazil,True,True,False
Alice: The city of Chattogram is not in China.,1,Chattogram,China,Bangladesh,True,True,False
Alice: The city of Nanjing is not in China.,0,Nanjing,China,China,True,True,False
Alice: The city of Heze is not in China.,0,Heze,China,China,True,True,False
Alice: The city of Jeonju is not in South Korea.,0,Jeonju,South Korea,South Korea,True,True,False
Alice: The city of Almaty is not in Kazakhstan.,0,Almaty,Kazakhstan,Kazakhstan,True,True,False
Alice: The city of Almaty is not in Iraq.,1,Almaty,Iraq,Kazakhstan,True,True,False
Alice: The city of Pimpri is not in China.,1,Pimpri,China,India,True,True,False
Alice: The city of Navi Mumbai is not in India.,0,Navi Mumbai,India,India,True,True,False
Alice: The city of Navi Mumbai is not in China.,1,Navi Mumbai,China,India,True,True,False
Alice: The city of Novosibirsk is not in the Philippines.,1,Novosibirsk,the Philippines,Russia,True,True,False
Alice: The city of Goeteborg is not in South Korea.,1,Goeteborg,South Korea,Sweden,True,True,False
Alice: The city of Bursa is not in Turkey.,0,Bursa,Turkey,Turkey,True,True,False
Alice: The city of Dar es Salaam is not in Tanzania.,0,Dar es Salaam,Tanzania,Tanzania,True,True,False
Alice: The city of Dar es Salaam is not in Italy.,1,Dar es Salaam,Italy,Tanzania,True,True,False
Alice: The city of Mbuji-Mayi is not in Pakistan.,1,Mbuji-Mayi,Pakistan,the Democratic Republic of the Congo,True,True,False
Alice: The city of Goiania is not in China.,1,Goiania,China,Brazil,True,True,False
Alice: The city of Kigali is not in Indonesia.,1,Kigali,Indonesia,Rwanda,True,True,False
Alice: The city of Diyarbakir is not in Turkey.,0,Diyarbakir,Turkey,Turkey,True,True,False
Alice: The city of Tyumen is not in Russia.,0,Tyumen,Russia,Russia,True,True,False
Alice: The city of Tyumen is not in Mexico.,1,Tyumen,Mexico,Russia,True,True,False
Alice: The city of Orenburg is not in Malaysia.,1,Orenburg,Malaysia,Russia,True,True,False
Alice: The city of Osaka is not in Japan.,0,Osaka,Japan,Japan,True,True,False
Alice: The city of Osaka is not in India.,1,Osaka,India,Japan,True,True,False
Alice: The city of Sapporo is not in Japan.,0,Sapporo,Japan,Japan,True,True,False
Alice: The city of Cheonan is not in South Korea.,0,Cheonan,South Korea,South Korea,True,True,False
Alice: The city of Cheonan is not in Myanmar.,1,Cheonan,Myanmar,South Korea,True,True,False
Alice: The city of Culiacan is not in Mexico.,0,Culiacan,Mexico,Mexico,True,True,False
Alice: The city of General Santos is not in the Philippines.,0,General Santos,the Philippines,the Philippines,True,True,False
Alice: The city of Ebute Ikorodu is not in Nigeria.,0,Ebute Ikorodu,Nigeria,Nigeria,True,True,False
Alice: The city of Ebute Ikorodu is not in China.,1,Ebute Ikorodu,China,Nigeria,True,True,False
Alice: The city of Benin City is not in Nigeria.,0,Benin City,Nigeria,Nigeria,True,True,False
Alice: The city of Kanpur is not in Brazil.,1,Kanpur,Brazil,India,True,True,False
Alice: The city of Indore is not in India.,0,Indore,India,India,True,True,False
Alice: The city of Indore is not in Turkey.,1,Indore,Turkey,India,True,True,False
Alice: The city of Zunyi is not in Senegal.,1,Zunyi,Senegal,China,True,True,False
Alice: The city of Wenzhou is not in China.,0,Wenzhou,China,China,True,True,False
Alice: The city of Luohe is not in Brazil.,1,Luohe,Brazil,China,True,True,False
Alice: The city of Cixi is not in China.,0,Cixi,China,China,True,True,False
Alice: The city of Hanzhong is not in China.,0,Hanzhong,China,China,True,True,False
Alice: The city of Hanzhong is not in Iran.,1,Hanzhong,Iran,China,True,True,False
Alice: The city of Guangzhou is not in China.,0,Guangzhou,China,China,True,True,False
Alice: The city of Guangzhou is not in India.,1,Guangzhou,India,China,True,True,False
Alice: The city of Douala is not in Cameroon.,0,Douala,Cameroon,Cameroon,True,True,False
Alice: The city of Zibo is not in India.,1,Zibo,India,China,True,True,False
Alice: The city of Tianshui is not in Canada.,1,Tianshui,Canada,China,True,True,False
Alice: The city of Laibin is not in China.,0,Laibin,China,China,True,True,False
Alice: The city of Deyang is not in Japan.,1,Deyang,Japan,China,True,True,False
Alice: The city of Teresina is not in Vietnam.,1,Teresina,Vietnam,Brazil,True,True,False
Alice: The city of Leipzig is not in Germany.,0,Leipzig,Germany,Germany,True,True,False
Alice: The city of Leipzig is not in Russia.,1,Leipzig,Russia,Germany,True,True,False
Alice: The city of Hannover is not in China.,1,Hannover,China,Germany,True,True,False
Alice: The city of Penza is not in Russia.,0,Penza,Russia,Russia,True,True,False
Alice: The city of Penza is not in China.,1,Penza,China,Russia,True,True,False
Alice: The city of Matola is not in Mozambique.,0,Matola,Mozambique,Mozambique,True,True,False
Alice: The city of Shizuoka is not in China.,1,Shizuoka,China,Japan,True,True,False
Alice: The city of Himeji is not in the Democratic Republic of the Congo.,1,Himeji,the Democratic Republic of the Congo,Japan,True,True,False
Alice: The city of Seoul is not in Nicaragua.,1,Seoul,Nicaragua,South Korea,True,True,False
Alice: The city of Meerut is not in India.,0,Meerut,India,India,True,True,False
Alice: The city of Hubli is not in India.,0,Hubli,India,India,True,True,False
Alice: The city of Dubai is not in the United Arab Emirates.,0,Dubai,the United Arab Emirates,the United Arab Emirates,True,True,False
Alice: The city of Aleppo is not in China.,1,Aleppo,China,Syria,True,True,False
Alice: The city of Ar Raqqah is not in Syria.,0,Ar Raqqah,Syria,Syria,True,True,False
Alice: The city of Ar Raqqah is not in Iraq.,1,Ar Raqqah,Iraq,Syria,True,True,False
Alice: The city of Saint Petersburg is not in Canada.,1,Saint Petersburg,Canada,Russia,True,True,False
Alice: The city of Johannesburg is not in South Africa.,0,Johannesburg,South Africa,South Africa,True,True,False
Alice: The city of Wanzhou is not in India.,1,Wanzhou,India,China,True,True,False
Alice: The city of Anyang is not in Kuwait.,1,Anyang,Kuwait,China,True,True,False
Alice: The city of Meizhou is not in China.,0,Meizhou,China,China,True,True,False
Alice: The city of Yangjiang is not in China.,0,Yangjiang,China,China,True,True,False
Alice: The city of Beijing is not in China.,0,Beijing,China,China,True,True,False
Alice: The city of Beijing is not in Ghana.,1,Beijing,Ghana,China,True,True,False
Alice: The city of Shah Alam is not in Malaysia.,0,Shah Alam,Malaysia,Malaysia,True,True,False
Alice: The city of Vadodara is not in India.,0,Vadodara,India,India,True,True,False
Alice: The city of Vadodara is not in Russia.,1,Vadodara,Russia,India,True,True,False
Alice: The city of Sangli is not in Japan.,1,Sangli,Japan,India,True,True,False
Alice: The city of Prayagraj is not in India.,0,Prayagraj,India,India,True,True,False
Alice: The city of Prayagraj is not in Kenya.,1,Prayagraj,Kenya,India,True,True,False
Alice: The city of Aligarh is not in India.,0,Aligarh,India,India,True,True,False
Alice: The city of Aligarh is not in China.,1,Aligarh,China,India,True,True,False
Alice: The city of Kermanshah is not in Iran.,0,Kermanshah,Iran,Iran,True,True,False
Alice: The city of Kermanshah is not in China.,1,Kermanshah,China,Iran,True,True,False
Alice: The city of Semarang is not in Saudi Arabia.,1,Semarang,Saudi Arabia,Indonesia,True,True,False
Alice: The city of Khulna is not in Bangladesh.,0,Khulna,Bangladesh,Bangladesh,True,True,False
Alice: The city of Khulna is not in Japan.,1,Khulna,Japan,Bangladesh,True,True,False
Alice: The city of Zaozhuang is not in Belarus.,1,Zaozhuang,Belarus,China,True,True,False
Alice: The city of Xiamen is not in China.,0,Xiamen,China,China,True,True,False
Alice: The city of Xiamen is not in Pakistan.,1,Xiamen,Pakistan,China,True,True,False
Alice: The city of Shenzhen is not in Mexico.,1,Shenzhen,Mexico,China,True,True,False
Alice: The city of Maoming is not in Brazil.,1,Maoming,Brazil,China,True,True,False
Alice: The city of Anshun is not in China.,0,Anshun,China,China,True,True,False
Alice: The city of Anshun is not in Brazil.,1,Anshun,Brazil,China,True,True,False
Alice: The city of Shuangyashan is not in China.,0,Shuangyashan,China,China,True,True,False
Alice: The city of Shuangyashan is not in India.,1,Shuangyashan,India,China,True,True,False
Alice: The city of Jiamusi is not in Germany.,1,Jiamusi,Germany,China,True,True,False
Alice: The city of Lubumbashi is not in the Democratic Republic of the Congo.,0,Lubumbashi,the Democratic Republic of the Congo,the Democratic Republic of the Congo,True,True,False
Alice: The city of Lubumbashi is not in India.,1,Lubumbashi,India,the Democratic Republic of the Congo,True,True,False
Alice: The city of San Miguel de Tucuman is not in China.,1,San Miguel de Tucuman,China,Argentina,True,True,False
Alice: The city of Comilla is not in Bangladesh.,0,Comilla,Bangladesh,Bangladesh,True,True,False
Alice: The city of Comilla is not in China.,1,Comilla,China,Bangladesh,True,True,False
Alice: The city of Sao Bernardo do Campo is not in Zambia.,1,Sao Bernardo do Campo,Zambia,Brazil,True,True,False
Alice: The city of Feira de Santana is not in China.,1,Feira de Santana,China,Brazil,True,True,False
Alice: The city of Porto Alegre is not in Belarus.,1,Porto Alegre,Belarus,Brazil,True,True,False
Alice: The city of Juiz de Fora is not in Brazil.,0,Juiz de Fora,Brazil,Brazil,True,True,False
Alice: The city of Nagoya is not in Japan.,0,Nagoya,Japan,Japan,True,True,False
Alice: The city of Nagoya is not in China.,1,Nagoya,China,Japan,True,True,False
Alice: The city of Al Ahmadi is not in Kuwait.,0,Al Ahmadi,Kuwait,Kuwait,True,True,False
Alice: The city of Beirut is not in Algeria.,1,Beirut,Algeria,Lebanon,True,True,False
Alice: The city of Lilongwe is not in Malawi.,0,Lilongwe,Malawi,Malawi,True,True,False
Alice: The city of Lilongwe is not in Turkey.,1,Lilongwe,Turkey,Malawi,True,True,False
Alice: The city of Ecatepec de Morelos is not in Mexico.,0,Ecatepec de Morelos,Mexico,Mexico,True,True,False
Alice: The city of Cancun is not in Mexico.,0,Cancun,Mexico,Mexico,True,True,False
Alice: The city of Cancun is not in Myanmar.,1,Cancun,Myanmar,Mexico,True,True,False
Alice: The city of Petaling Jaya is not in Bosnia and Herzegovina.,1,Petaling Jaya,Bosnia and Herzegovina,Malaysia,True,True,False
Alice: The city of Zaria is not in India.,1,Zaria,India,Nigeria,True,True,False
Alice: The city of Cimahi is not in Indonesia.,0,Cimahi,Indonesia,Indonesia,True,True,False
Alice: The city of Cimahi is not in Germany.,1,Cimahi,Germany,Indonesia,True,True,False
Alice: The city of Arequipa is not in Peru.,0,Arequipa,Peru,Peru,True,True,False
Alice: The city of Arequipa is not in India.,1,Arequipa,India,Peru,True,True,False
Alice: The city of Multan is not in Pakistan.,0,Multan,Pakistan,Pakistan,True,True,False
Alice: The city of Bahcelievler is not in Turkey.,0,Bahcelievler,Turkey,Turkey,True,True,False
Alice: The city of Saratov is not in Russia.,0,Saratov,Russia,Russia,True,True,False
Alice: The city of Kharkiv is not in Ukraine.,0,Kharkiv,Ukraine,Ukraine,True,True,False
Alice: The city of Malatya is not in Turkey.,0,Malatya,Turkey,Turkey,True,True,False
Alice: The city of Malatya is not in Russia.,1,Malatya,Russia,Turkey,True,True,False
Alice: The city of Lviv is not in Ukraine.,0,Lviv,Ukraine,Ukraine,True,True,False
Alice: The city of Lviv is not in China.,1,Lviv,China,Ukraine,True,True,False
Alice: The city of Onitsha is not in Nigeria.,0,Onitsha,Nigeria,Nigeria,True,True,False
Alice: The city of Anyang-si is not in South Korea.,0,Anyang-si,South Korea,South Korea,True,True,False
Alice: The city of Anyang-si is not in Iraq.,1,Anyang-si,Iraq,South Korea,True,True,False
Alice: The city of Kobe is not in Japan.,0,Kobe,Japan,Japan,True,True,False
Alice: The city of Phnom Penh is not in Cambodia.,0,Phnom Penh,Cambodia,Cambodia,True,True,False
Alice: The city of Nouakchott is not in Mauritania.,0,Nouakchott,Mauritania,Mauritania,True,True,False
Alice: The city of Theni is not in India.,0,Theni,India,India,True,True,False
Alice: The city of Changshu is not in China.,0,Changshu,China,China,True,True,False
Alice: The city of Changshu is not in the Philippines.,1,Changshu,the Philippines,China,True,True,False
Alice: The city of Tehran is not in Niger.,1,Tehran,Niger,Iran,True,True,False
Alice: The city of Bayannur is not in China.,0,Bayannur,China,China,True,True,False
Alice: The city of Bayannur is not in Russia.,1,Bayannur,Russia,China,True,True,False
Alice: The city of Barranquilla is not in Colombia.,0,Barranquilla,Colombia,Colombia,True,True,False
Alice: The city of Barranquilla is not in Pakistan.,1,Barranquilla,Pakistan,Colombia,True,True,False
Alice: The city of Budapest is not in Iraq.,1,Budapest,Iraq,Hungary,True,True,False
Alice: The city of Pontianak is not in Indonesia.,0,Pontianak,Indonesia,Indonesia,True,True,False
Alice: The city of Pontianak is not in India.,1,Pontianak,India,Indonesia,True,True,False
Alice: The city of Recife is not in North Korea.,1,Recife,North Korea,Brazil,True,True,False
Alice: The city of Contagem is not in Brazil.,0,Contagem,Brazil,Brazil,True,True,False
Alice: The city of Contagem is not in Indonesia.,1,Contagem,Indonesia,Brazil,True,True,False
Alice: The city of Port Said is not in Egypt.,0,Port Said,Egypt,Egypt,True,True,False
Alice: The city of Asyut is not in Egypt.,0,Asyut,Egypt,Egypt,True,True,False
Alice: The city of Ziyang is not in China.,0,Ziyang,China,China,True,True,False
Alice: The city of Yinchuan is not in Bangladesh.,1,Yinchuan,Bangladesh,China,True,True,False
Alice: The city of Zhangjiagang is not in China.,0,Zhangjiagang,China,China,True,True,False
Alice: The city of Shanghai is not in China.,0,Shanghai,China,China,True,True,False
Alice: The city of Jieyang is not in the Philippines.,1,Jieyang,the Philippines,China,True,True,False
Alice: The city of Dandong is not in China.,0,Dandong,China,China,True,True,False
Alice: The city of Dandong is not in Niger.,1,Dandong,Niger,China,True,True,False
Alice: The city of Aden is not in Yemen.,0,Aden,Yemen,Yemen,True,True,False
Alice: The city of Aden is not in Japan.,1,Aden,Japan,Yemen,True,True,False
Alice: The city of Jaboatao is not in Brazil.,0,Jaboatao,Brazil,Brazil,True,True,False
Alice: The city of Aracaju is not in Brazil.,0,Aracaju,Brazil,Brazil,True,True,False
Alice: The city of Zigong is not in China.,0,Zigong,China,China,True,True,False
Alice: The city of Zigong is not in Turkey.,1,Zigong,Turkey,China,True,True,False
Alice: The city of Kunshan is not in Russia.,1,Kunshan,Russia,China,True,True,False
Alice: The city of Sanming is not in Bulgaria.,1,Sanming,Bulgaria,China,True,True,False
Alice: The city of Guang'an is not in Germany.,1,Guang'an,Germany,China,True,True,False
Alice: The city of Ma'anshan is not in China.,0,Ma'anshan,China,China,True,True,False
Alice: The city of Ma'anshan is not in India.,1,Ma'anshan,India,China,True,True,False
Alice: The city of Dongying is not in India.,1,Dongying,India,China,True,True,False
Alice: The city of Fushun is not in Mexico.,1,Fushun,Mexico,China,True,True,False
Alice: The city of Rajshahi is not in Bangladesh.,0,Rajshahi,Bangladesh,Bangladesh,True,True,False
Alice: The city of Rangpur is not in Bangladesh.,0,Rangpur,Bangladesh,Bangladesh,True,True,False
Alice: The city of Rangpur is not in Russia.,1,Rangpur,Russia,Bangladesh,True,True,False
Alice: The city of Dortmund is not in Germany.,0,Dortmund,Germany,Germany,True,True,False
Alice: The city of Detroit is not in the United States.,0,Detroit,the United States,the United States,True,True,False
Alice: The city of Latakia is not in Syria.,0,Latakia,Syria,Syria,True,True,False
Alice: The city of Latakia is not in Somalia.,1,Latakia,Somalia,Syria,True,True,False
Alice: The city of Ashgabat is not in Bangladesh.,1,Ashgabat,Bangladesh,Turkmenistan,True,True,False
Alice: The city of Maracaibo is not in Russia.,1,Maracaibo,Russia,Venezuela,True,True,False
Alice: The city of Erode is not in India.,0,Erode,India,India,True,True,False
Alice: The city of Mumbai is not in India.,0,Mumbai,India,India,True,True,False
Alice: The city of Nasiriyah is not in Rwanda.,1,Nasiriyah,Rwanda,Iraq,True,True,False
Alice: The city of Kahriz is not in Iran.,0,Kahriz,Iran,Iran,True,True,False
Alice: The city of Surakarta is not in Indonesia.,0,Surakarta,Indonesia,Indonesia,True,True,False
Alice: The city of Banjarmasin is not in Indonesia.,0,Banjarmasin,Indonesia,Indonesia,True,True,False
Alice: The city of Vladivostok is not in Russia.,0,Vladivostok,Russia,Russia,True,True,False
Alice: The city of Adana is not in Turkey.,0,Adana,Turkey,Turkey,True,True,False
Alice: The city of Adana is not in Togo.,1,Adana,Togo,Turkey,True,True,False
Alice: The city of Voronezh is not in Russia.,0,Voronezh,Russia,Russia,True,True,False
Alice: The city of Voronezh is not in Romania.,1,Voronezh,Romania,Russia,True,True,False
Alice: The city of Namangan is not in India.,1,Namangan,India,Uzbekistan,True,True,False
Alice: The city of Ordos is not in Brazil.,1,Ordos,Brazil,China,True,True,False
Alice: The city of Moradabad is not in India.,0,Moradabad,India,India,True,True,False
Alice: The city of Bengaluru is not in China.,1,Bengaluru,China,India,True,True,False
Alice: The city of Turin is not in Italy.,0,Turin,Italy,Italy,True,True,False
Alice: The city of Turin is not in China.,1,Turin,China,Italy,True,True,False
Alice: The city of Daejeon is not in South Korea.,0,Daejeon,South Korea,South Korea,True,True,False
Alice: The city of Battagram is not in Pakistan.,0,Battagram,Pakistan,Pakistan,True,True,False
Alice: The city of Battagram is not in Tanzania.,1,Battagram,Tanzania,Pakistan,True,True,False
Alice: The city of Yaounde is not in Cameroon.,0,Yaounde,Cameroon,Cameroon,True,True,False
Alice: The city of Zhangzhou is not in Nicaragua.,1,Zhangzhou,Nicaragua,China,True,True,False
Alice: The city of Sanya is not in China.,0,Sanya,China,China,True,True,False
Alice: The city of Foshan is not in China.,0,Foshan,China,China,True,True,False
Alice: The city of Sharjah is not in the United Arab Emirates.,0,Sharjah,the United Arab Emirates,the United Arab Emirates,True,True,False
Alice: The city of Guayaquil is not in China.,1,Guayaquil,China,Ecuador,True,True,False
Alice: The city of Koeln is not in Germany.,0,Koeln,Germany,Germany,True,True,False
Alice: The city of Koeln is not in Nigeria.,1,Koeln,Nigeria,Germany,True,True,False
Alice: The city of Nuernberg is not in Germany.,0,Nuernberg,Germany,Germany,True,True,False
Alice: The city of Nuernberg is not in China.,1,Nuernberg,China,Germany,True,True,False
Alice: The city of Zarqa is not in India.,1,Zarqa,India,Jordan,True,True,False
Alice: The city of Riga is not in Latvia.,0,Riga,Latvia,Latvia,True,True,False
Alice: The city of Gwalior is not in China.,1,Gwalior,China,India,True,True,False
Alice: The city of Kallakurichi is not in India.,0,Kallakurichi,India,India,True,True,False
Alice: The city of Kallakurichi is not in Iraq.,1,Kallakurichi,Iraq,India,True,True,False
Alice: The city of Bekasi is not in Indonesia.,0,Bekasi,Indonesia,Indonesia,True,True,False
Alice: The city of Johor Bahru is not in Cuba.,1,Johor Bahru,Cuba,Malaysia,True,True,False
Alice: The city of Urumqi is not in China.,0,Urumqi,China,China,True,True,False
Alice: The city of Urumqi is not in Vietnam.,1,Urumqi,Vietnam,China,True,True,False
Alice: The city of Nova Iguacu is not in India.,1,Nova Iguacu,India,Brazil,True,True,False
Alice: The city of Abeokuta is not in Nigeria.,0,Abeokuta,Nigeria,Nigeria,True,True,False
Alice: The city of Abeokuta is not in Mozambique.,1,Abeokuta,Mozambique,Nigeria,True,True,False
Alice: The city of Amman is not in Jordan.,0,Amman,Jordan,Jordan,True,True,False
Alice: The city of Amman is not in Malaysia.,1,Amman,Malaysia,Jordan,True,True,False
Alice: The city of Hachioji is not in Japan.,0,Hachioji,Japan,Japan,True,True,False
Alice: The city of Hachioji is not in Mexico.,1,Hachioji,Mexico,Japan,True,True,False
Alice: The city of Fukuoka is not in Japan.,0,Fukuoka,Japan,Japan,True,True,False
Alice: The city of Goyang-si is not in South Korea.,0,Goyang-si,South Korea,South Korea,True,True,False
Alice: The city of Meknes is not in China.,1,Meknes,China,Morocco,True,True,False
Alice: The city of Kalyan is not in South Korea.,1,Kalyan,South Korea,India,True,True,False
Alice: The city of Jaipur is not in India.,0,Jaipur,India,India,True,True,False
Alice: The city of Guntur is not in China.,1,Guntur,China,India,True,True,False
Alice: The city of Bhilai is not in India.,0,Bhilai,India,India,True,True,False
Alice: The city of Bhilai is not in Venezuela.,1,Bhilai,Venezuela,India,True,True,False
Alice: The city of Bhavnagar is not in India.,0,Bhavnagar,India,India,True,True,False
Alice: The city of Amravati is not in China.,1,Amravati,China,India,True,True,False
Alice: The city of Shiraz is not in Iran.,0,Shiraz,Iran,Iran,True,True,False
Alice: The city of Lome is not in Togo.,0,Lome,Togo,Togo,True,True,False
Alice: The city of Lome is not in Yemen.,1,Lome,Yemen,Togo,True,True,False
Alice: The city of Seattle is not in the United States.,0,Seattle,the United States,the United States,True,True,False
Alice: The city of Seattle is not in Yemen.,1,Seattle,Yemen,the United States,True,True,False
Alice: The city of Kryvyy Rih is not in Ukraine.,0,Kryvyy Rih,Ukraine,Ukraine,True,True,False
Alice: The city of Krasnoyarsk is not in Russia.,0,Krasnoyarsk,Russia,Russia,True,True,False
Alice: The city of Krasnoyarsk is not in India.,1,Krasnoyarsk,India,Russia,True,True,False
Alice: The city of Pingliang is not in Tanzania.,1,Pingliang,Tanzania,China,True,True,False
Alice: The city of Puning is not in India.,1,Puning,India,China,True,True,False
Alice: The city of Chizhou is not in the Republic of the Congo.,1,Chizhou,the Republic of the Congo,China,True,True,False
Alice: The city of Chengdu is not in China.,0,Chengdu,China,China,True,True,False
Alice: The city of Samarinda is not in Indonesia.,0,Samarinda,Indonesia,Indonesia,True,True,False
Alice: The city of Samarinda is not in Iraq.,1,Samarinda,Iraq,Indonesia,True,True,False
Alice: The city of Helsinki is not in Pakistan.,1,Helsinki,Pakistan,Finland,True,True,False
Alice: The city of Khabarovsk Vtoroy is not in China.,1,Khabarovsk Vtoroy,China,Russia,True,True,False
Alice: The city of Wroclaw is not in Poland.,0,Wroclaw,Poland,Poland,True,True,False
Alice: The city of Oslo is not in Venezuela.,1,Oslo,Venezuela,Norway,True,True,False
Alice: The city of Caloocan City is not in the Philippines.,0,Caloocan City,the Philippines,the Philippines,True,True,False
Alice: The city of Ho Chi Minh City is not in Vietnam.,0,Ho Chi Minh City,Vietnam,Vietnam,True,True,False
Alice: The city of Ho Chi Minh City is not in Gabon.,1,Ho Chi Minh City,Gabon,Vietnam,True,True,False
Alice: The city of Wuzhou is not in China.,0,Wuzhou,China,China,True,True,False
Alice: The city of Wuzhou is not in Syria.,1,Wuzhou,Syria,China,True,True,False
Alice: The city of Wanxian is not in China.,0,Wanxian,China,China,True,True,False
Alice: The city of Wanxian is not in Algeria.,1,Wanxian,Algeria,China,True,True,False
Alice: The city of Qinzhou is not in China.,0,Qinzhou,China,China,True,True,False
Alice: The city of Hefei is not in China.,0,Hefei,China,China,True,True,False
Alice: The city of Handan is not in China.,0,Handan,China,China,True,True,False
Alice: The city of Handan is not in Russia.,1,Handan,Russia,China,True,True,False
Alice: The city of Jiangyin is not in Bulgaria.,1,Jiangyin,Bulgaria,China,True,True,False
Alice: The city of Sorocaba is not in Brazil.,0,Sorocaba,Brazil,Brazil,True,True,False
Alice: The city of Aktobe is not in Afghanistan.,1,Aktobe,Afghanistan,Kazakhstan,True,True,False
Alice: The city of Chisinau is not in Germany.,1,Chisinau,Germany,Moldova,True,True,False
Alice: The city of Tiruppur is not in India.,0,Tiruppur,India,India,True,True,False
Alice: The city of Kozhikode is not in India.,0,Kozhikode,India,India,True,True,False
Alice: The city of Kozhikode is not in the United States.,1,Kozhikode,the United States,India,True,True,False
Alice: The city of Suizhou is not in China.,0,Suizhou,China,China,True,True,False
Alice: The city of Suizhou is not in Japan.,1,Suizhou,Japan,China,True,True,False
Alice: The city of Jingmen is not in Japan.,1,Jingmen,Japan,China,True,True,False
Alice: The city of Huangshi is not in China.,0,Huangshi,China,China,True,True,False
Alice: The city of Huangshi is not in India.,1,Huangshi,India,China,True,True,False
Alice: The city of Huaibei is not in China.,0,Huaibei,China,China,True,True,False
Alice: The city of Hebi is not in China.,0,Hebi,China,China,True,True,False
Alice: The city of Benxi is not in China.,0,Benxi,China,China,True,True,False
Alice: The city of Fortaleza is not in Honduras.,1,Fortaleza,Honduras,Brazil,True,True,False
Alice: The city of Antwerpen is not in Japan.,1,Antwerpen,Japan,Belgium,True,True,False
Alice: The city of Dakar is not in Senegal.,0,Dakar,Senegal,Senegal,True,True,False
Alice: The city of Dakar is not in India.,1,Dakar,India,Senegal,True,True,False
Alice: The city of Kyoto is not in China.,1,Kyoto,China,Japan,True,True,False
Alice: The city of Madurai is not in Burundi.,1,Madurai,Burundi,India,True,True,False
Alice: The city of Karaj is not in Iran.,0,Karaj,Iran,Iran,True,True,False
Alice: The city of Karaj is not in India.,1,Karaj,India,Iran,True,True,False
Alice: The city of Milwaukee is not in China.,1,Milwaukee,China,the United States,True,True,False
Alice: The city of Uberlandia is not in Brazil.,0,Uberlandia,Brazil,Brazil,True,True,False
Alice: The city of Uberlandia is not in India.,1,Uberlandia,India,Brazil,True,True,False
Alice: The city of Curitiba is not in Brazil.,0,Curitiba,Brazil,Brazil,True,True,False
Alice: The city of Rio de Janeiro is not in Brazil.,0,Rio de Janeiro,Brazil,Brazil,True,True,False
Alice: The city of Rio de Janeiro is not in Japan.,1,Rio de Janeiro,Japan,Brazil,True,True,False
Alice: The city of Ribeirao Preto is not in Brazil.,0,Ribeirao Preto,Brazil,Brazil,True,True,False
Alice: The city of The Bronx is not in the United States.,0,The Bronx,the United States,the United States,True,True,False
Alice: The city of Samarkand is not in China.,1,Samarkand,China,Uzbekistan,True,True,False
Alice: The city of Da Nang is not in Vietnam.,0,Da Nang,Vietnam,Vietnam,True,True,False
Alice: The city of Tomsk is not in Russia.,0,Tomsk,Russia,Russia,True,True,False
Alice: The city of Najran is not in Saudi Arabia.,0,Najran,Saudi Arabia,Saudi Arabia,True,True,False
Alice: The city of Najran is not in India.,1,Najran,India,Saudi Arabia,True,True,False
Alice: The city of Bangkok is not in Thailand.,0,Bangkok,Thailand,Thailand,True,True,False
Alice: The city of Bangkok is not in China.,1,Bangkok,China,Thailand,True,True,False
Alice: The city of Oklahoma City is not in the United States.,0,Oklahoma City,the United States,the United States,True,True,False
Alice: The city of Oklahoma City is not in China.,1,Oklahoma City,China,the United States,True,True,False
Alice: The city of Izhevsk is not in Russia.,0,Izhevsk,Russia,Russia,True,True,False
Alice: The city of Madinat an Nasr is not in Egypt.,0,Madinat an Nasr,Egypt,Egypt,True,True,False
Alice: The city of Rui'an is not in China.,0,Rui'an,China,China,True,True,False
Alice: The city of Ningbo is not in South Korea.,1,Ningbo,South Korea,China,True,True,False
Alice: The city of Jiaozuo is not in Bangladesh.,1,Jiaozuo,Bangladesh,China,True,True,False
Alice: The city of Jiangmen is not in South Korea.,1,Jiangmen,South Korea,China,True,True,False
Alice: The city of Herat is not in Afghanistan.,0,Herat,Afghanistan,Afghanistan,True,True,False
Alice: The city of Kleinzschocher is not in Brazil.,1,Kleinzschocher,Brazil,Germany,True,True,False
Alice: The city of Davao is not in the Philippines.,0,Davao,the Philippines,the Philippines,True,True,False
Alice: The city of Sargodha is not in India.,1,Sargodha,India,Pakistan,True,True,False
Alice: The city of Zapopan is not in Mexico.,0,Zapopan,Mexico,Mexico,True,True,False
Alice: The city of Visakhapatnam is not in Indonesia.,1,Visakhapatnam,Indonesia,India,True,True,False
Alice: The city of Rourkela is not in India.,0,Rourkela,India,India,True,True,False
Alice: The city of Rourkela is not in Brazil.,1,Rourkela,Brazil,India,True,True,False
Alice: The city of Dhanbad is not in India.,0,Dhanbad,India,India,True,True,False
Alice: The city of Bokaro is not in India.,0,Bokaro,India,India,True,True,False
Alice: The city of Bokaro is not in China.,1,Bokaro,China,India,True,True,False
Alice: The city of Tabriz is not in Iran.,0,Tabriz,Iran,Iran,True,True,False
Alice: The city of Tlaquepaque is not in Japan.,1,Tlaquepaque,Japan,Mexico,True,True,False
Alice: The city of Victoria de Durango is not in Mexico.,0,Victoria de Durango,Mexico,Mexico,True,True,False
Alice: The city of Kota Kinabalu is not in Malaysia.,0,Kota Kinabalu,Malaysia,Malaysia,True,True,False
Alice: The city of Kota Kinabalu is not in the United States.,1,Kota Kinabalu,the United States,Malaysia,True,True,False
Alice: The city of Nairobi is not in Kenya.,0,Nairobi,Kenya,Kenya,True,True,False
Alice: The city of Nairobi is not in Mexico.,1,Nairobi,Mexico,Kenya,True,True,False
Alice: The city of Taguig is not in the Philippines.,0,Taguig,the Philippines,the Philippines,True,True,False
Alice: The city of Rajkot is not in Russia.,1,Rajkot,Russia,India,True,True,False
Alice: The city of Pune is not in India.,0,Pune,India,India,True,True,False
Alice: The city of Pune is not in South Korea.,1,Pune,South Korea,India,True,True,False
Alice: The city of Ludhiana is not in India.,0,Ludhiana,India,India,True,True,False
Alice: The city of Jamshedpur is not in India.,0,Jamshedpur,India,India,True,True,False
Alice: The city of Jamshedpur is not in China.,1,Jamshedpur,China,India,True,True,False
Alice: The city of Bhiwandi is not in China.,1,Bhiwandi,China,India,True,True,False
Alice: The city of Erbil is not in Iraq.,0,Erbil,Iraq,Iraq,True,True,False
Alice: The city of Erbil is not in Cuba.,1,Erbil,Cuba,Iraq,True,True,False
Alice: The city of Chelyabinsk is not in China.,1,Chelyabinsk,China,Russia,True,True,False
Alice: The city of Uskudar is not in Turkey.,0,Uskudar,Turkey,Turkey,True,True,False
Alice: The city of Quezon City is not in China.,1,Quezon City,China,the Philippines,True,True,False
Alice: The city of Mexico City is not in Mexico.,0,Mexico City,Mexico,Mexico,True,True,False
Alice: The city of Surat is not in Burkina Faso.,1,Surat,Burkina Faso,India,True,True,False
Alice: The city of Mogadishu is not in Somalia.,0,Mogadishu,Somalia,Somalia,True,True,False
Alice: The city of Mogadishu is not in Iran.,1,Mogadishu,Iran,Somalia,True,True,False
Alice: The city of Homs is not in Syria.,0,Homs,Syria,Syria,True,True,False
Alice: The city of Port-au-Prince is not in South Korea.,1,Port-au-Prince,South Korea,Haiti,True,True,False
Alice: The city of Thuan An is not in Vietnam.,0,Thuan An,Vietnam,Vietnam,True,True,False
Alice: The city of Pretoria is not in South Africa.,0,Pretoria,South Africa,South Africa,True,True,False
Alice: The city of Pietermaritzburg is not in South Africa.,0,Pietermaritzburg,South Africa,South Africa,True,True,False
Alice: The city of Abu Dhabi is not in the United Arab Emirates.,0,Abu Dhabi,the United Arab Emirates,the United Arab Emirates,True,True,False
Alice: The city of Abu Dhabi is not in Oman.,1,Abu Dhabi,Oman,the United Arab Emirates,True,True,False
Alice: The city of Sao Paulo is not in China.,1,Sao Paulo,China,Brazil,True,True,False
Alice: The city of Lianyungang is not in China.,0,Lianyungang,China,China,True,True,False
Alice: The city of Lianyungang is not in the Philippines.,1,Lianyungang,the Philippines,China,True,True,False
Alice: The city of Xiaogan is not in Ukraine.,1,Xiaogan,Ukraine,China,True,True,False
Alice: The city of Taicang is not in China.,0,Taicang,China,China,True,True,False
Alice: The city of Taicang is not in Madagascar.,1,Taicang,Madagascar,China,True,True,False
Alice: The city of Shangyu is not in China.,0,Shangyu,China,China,True,True,False
Alice: The city of Jambi City is not in Indonesia.,0,Jambi City,Indonesia,Indonesia,True,True,False
Alice: The city of Jambi City is not in China.,1,Jambi City,China,Indonesia,True,True,False
Alice: The city of New York City is not in the United States.,0,New York City,the United States,the United States,True,True,False
Alice: The city of New York City is not in India.,1,New York City,India,the United States,True,True,False
Alice: The city of Bulawayo is not in Zimbabwe.,0,Bulawayo,Zimbabwe,Zimbabwe,True,True,False
Alice: The city of Quito is not in Ecuador.,0,Quito,Ecuador,Ecuador,True,True,False
Alice: The city of Quito is not in China.,1,Quito,China,Ecuador,True,True,False
Alice: The city of Shubra al Khaymah is not in Egypt.,0,Shubra al Khaymah,Egypt,Egypt,True,True,False
Alice: The city of Shubra al Khaymah is not in Nigeria.,1,Shubra al Khaymah,Nigeria,Egypt,True,True,False
Alice: The city of Al Mahallah al Kubra is not in Afghanistan.,1,Al Mahallah al Kubra,Afghanistan,Egypt,True,True,False
Alice: The city of Suining is not in Algeria.,1,Suining,Algeria,China,True,True,False
Alice: The city of Guankou is not in Pakistan.,1,Guankou,Pakistan,China,True,True,False
Alice: The city of Langfang is not in China.,0,Langfang,China,China,True,True,False
Alice: The city of Langfang is not in India.,1,Langfang,India,China,True,True,False
Alice: The city of Jinan is not in China.,0,Jinan,China,China,True,True,False
Alice: The city of Jinan is not in Rwanda.,1,Jinan,Rwanda,China,True,True,False
Alice: The city of Guigang is not in Japan.,1,Guigang,Japan,China,True,True,False
Alice: The city of Chongqing is not in China.,0,Chongqing,China,China,True,True,False
Alice: The city of Chongqing is not in Sweden.,1,Chongqing,Sweden,China,True,True,False
Alice: The city of Homyel' is not in Iran.,1,Homyel',Iran,Belarus,True,True,False
Alice: The city of Winnipeg is not in Mexico.,1,Winnipeg,Mexico,Canada,True,True,False
Alice: The city of Klang is not in Malaysia.,0,Klang,Malaysia,Malaysia,True,True,False
Alice: The city of Klang is not in China.,1,Klang,China,Malaysia,True,True,False
Alice: The city of Irbid is not in Jordan.,0,Irbid,Jordan,Jordan,True,True,False
Alice: The city of Muzaffarabad is not in Pakistan.,0,Muzaffarabad,Pakistan,Pakistan,True,True,False
Alice: The city of Muzaffarabad is not in China.,1,Muzaffarabad,China,Pakistan,True,True,False
Alice: The city of Kotli is not in Pakistan.,0,Kotli,Pakistan,Pakistan,True,True,False
Alice: The city of Nagpur is not in Denmark.,1,Nagpur,Denmark,India,True,True,False
Alice: The city of Kolhapur is not in Mozambique.,1,Kolhapur,Mozambique,India,True,True,False
Alice: The city of Yekaterinburg is not in Lithuania.,1,Yekaterinburg,Lithuania,Russia,True,True,False
Alice: The city of Dushanbe is not in Tajikistan.,0,Dushanbe,Tajikistan,Tajikistan,True,True,False
Alice: The city of Gaziantep is not in Turkey.,0,Gaziantep,Turkey,Turkey,True,True,False
Alice: The city of Asuncion is not in Paraguay.,0,Asuncion,Paraguay,Paraguay,True,True,False
Alice: The city of Zhuzhou is not in France.,1,Zhuzhou,France,China,True,True,False
Alice: The city of Xining is not in China.,0,Xining,China,China,True,True,False
Alice: The city of Tanggu is not in China.,0,Tanggu,China,China,True,True,False
Alice: The city of Tanggu is not in South Korea.,1,Tanggu,South Korea,China,True,True,False
Alice: The city of Shangluo is not in Honduras.,1,Shangluo,Honduras,China,True,True,False
Alice: The city of Luzhou is not in China.,0,Luzhou,China,China,True,True,False
Alice: The city of Luzhou is not in Peru.,1,Luzhou,Peru,China,True,True,False
Alice: The city of Lanzhou is not in Mexico.,1,Lanzhou,Mexico,China,True,True,False
Alice: The city of Baise is not in China.,0,Baise,China,China,True,True,False
Alice: The city of Baise is not in Japan.,1,Baise,Japan,China,True,True,False
Alice: The city of Shenyang is not in China.,0,Shenyang,China,China,True,True,False
Alice: The city of Shenyang is not in Somalia.,1,Shenyang,Somalia,China,True,True,False
Alice: The city of Daqing is not in China.,0,Daqing,China,China,True,True,False
Alice: The city of Brasilia is not in Brazil.,0,Brasilia,Brazil,Brazil,True,True,False
Alice: The city of Brasilia is not in South Korea.,1,Brasilia,South Korea,Brazil,True,True,False
Alice: The city of Gold Coast is not in Australia.,0,Gold Coast,Australia,Australia,True,True,False
Alice: The city of Ouagadougou is not in China.,1,Ouagadougou,China,Burkina Faso,True,True,False
Alice: The city of Duque de Caxias is not in Côte d'Ivoire.,1,Duque de Caxias,Côte d'Ivoire,Brazil,True,True,False
Alice: The city of Hiroshima is not in Malaysia.,1,Hiroshima,Malaysia,Japan,True,True,False
Alice: The city of Mandalay is not in Myanmar.,0,Mandalay,Myanmar,Myanmar,True,True,False
Alice: The city of Mandalay is not in Algeria.,1,Mandalay,Algeria,Myanmar,True,True,False
Alice: The city of Mysore is not in India.,0,Mysore,India,India,True,True,False
Alice: The city of Coimbatore is not in India.,0,Coimbatore,India,India,True,True,False
Alice: The city of Coimbatore is not in Malaysia.,1,Coimbatore,Malaysia,India,True,True,False
Alice: The city of Chandigarh is not in India.,0,Chandigarh,India,India,True,True,False
Alice: The city of Amritsar is not in Moldova.,1,Amritsar,Moldova,India,True,True,False
Alice: The city of Arak is not in India.,1,Arak,India,Iran,True,True,False
Alice: The city of Ilorin is not in Ukraine.,1,Ilorin,Ukraine,Nigeria,True,True,False
Alice: The city of Omdurman is not in Sudan.,0,Omdurman,Sudan,Sudan,True,True,False
Alice: The city of Gujranwala is not in China.,1,Gujranwala,China,Pakistan,True,True,False
Alice: The city of Nizhniy Novgorod is not in Russia.,0,Nizhniy Novgorod,Russia,Russia,True,True,False
Alice: The city of Nizhniy Novgorod is not in China.,1,Nizhniy Novgorod,China,Russia,True,True,False
Alice: The city of Zhaoqing is not in China.,0,Zhaoqing,China,China,True,True,False
Alice: The city of Suqian is not in China.,0,Suqian,China,China,True,True,False
Alice: The city of Suqian is not in Mexico.,1,Suqian,Mexico,China,True,True,False
Alice: The city of Hezhou is not in India.,1,Hezhou,India,China,True,True,False
Alice: The city of Grosszschocher is not in Germany.,0,Grosszschocher,Germany,Germany,True,True,False
Alice: The city of Grosszschocher is not in China.,1,Grosszschocher,China,Germany,True,True,False
Alice: The city of San Pedro Sula is not in Honduras.,0,San Pedro Sula,Honduras,Honduras,True,True,False
Alice: The city of Queens is not in India.,1,Queens,India,the United States,True,True,False
Alice: The city of Bien Hoa is not in Vietnam.,0,Bien Hoa,Vietnam,Vietnam,True,True,False
Alice: The city of Bien Hoa is not in South Korea.,1,Bien Hoa,South Korea,Vietnam,True,True,False
Alice: The city of Durban is not in South Africa.,0,Durban,South Africa,South Africa,True,True,False
Alice: The city of Durban is not in Ukraine.,1,Durban,Ukraine,South Africa,True,True,False
Alice: The city of Kawaguchi is not in Japan.,0,Kawaguchi,Japan,Japan,True,True,False
Alice: The city of Kawaguchi is not in Indonesia.,1,Kawaguchi,Indonesia,Japan,True,True,False
Alice: The city of Bucheon-si is not in Romania.,1,Bucheon-si,Romania,South Korea,True,True,False
Alice: The city of Tangier is not in Ecuador.,1,Tangier,Ecuador,Morocco,True,True,False
Alice: The city of Nay Pyi Taw is not in Mozambique.,1,Nay Pyi Taw,Mozambique,Myanmar,True,True,False
Alice: The city of Ulhasnagar is not in India.,0,Ulhasnagar,India,India,True,True,False
Alice: The city of Faridabad is not in India.,0,Faridabad,India,India,True,True,False
Alice: The city of Faridabad is not in the United States.,1,Faridabad,the United States,India,True,True,False
Alice: The city of Kolkata is not in India.,0,Kolkata,India,India,True,True,False
Alice: The city of Karbala is not in Turkey.,1,Karbala,Turkey,Iraq,True,True,False
Alice: The city of Jakarta is not in Colombia.,1,Jakarta,Colombia,Indonesia,True,True,False
Alice: The city of Batam is not in Indonesia.,0,Batam,Indonesia,Indonesia,True,True,False
Alice: The city of Batam is not in Turkey.,1,Batam,Turkey,Indonesia,True,True,False
Alice: The city of Liupanshui is not in China.,0,Liupanshui,China,China,True,True,False
Alice: The city of Xingtai is not in China.,0,Xingtai,China,China,True,True,False
Alice: The city of Nanning is not in China.,0,Nanning,China,China,True,True,False
Alice: The city of Binzhou is not in Brazil.,1,Binzhou,Brazil,China,True,True,False
Alice: The city of Mazar-e Sharif is not in Afghanistan.,0,Mazar-e Sharif,Afghanistan,Afghanistan,True,True,False
Alice: The city of Mazar-e Sharif is not in India.,1,Mazar-e Sharif,India,Afghanistan,True,True,False
Alice: The city of Mar del Plata is not in Nigeria.,1,Mar del Plata,Nigeria,Argentina,True,True,False
Alice: The city of Salta is not in Argentina.,0,Salta,Argentina,Argentina,True,True,False
Alice: The city of Salta is not in India.,1,Salta,India,Argentina,True,True,False
Alice: The city of Bujumbura is not in Burundi.,0,Bujumbura,Burundi,Burundi,True,True,False
Alice: The city of Ankara is not in Turkey.,0,Ankara,Turkey,Turkey,True,True,False
Alice: The city of Ankara is not in Japan.,1,Ankara,Japan,Turkey,True,True,False
Alice: The city of Rawalpindi is not in Pakistan.,0,Rawalpindi,Pakistan,Pakistan,True,True,False
Alice: The city of Rawalpindi is not in Brazil.,1,Rawalpindi,Brazil,Pakistan,True,True,False
Alice: The city of Karachi is not in Pakistan.,0,Karachi,Pakistan,Pakistan,True,True,False
Alice: The city of Karachi is not in India.,1,Karachi,India,Pakistan,True,True,False
Alice: The city of Tijuana is not in Mexico.,0,Tijuana,Mexico,Mexico,True,True,False
Alice: The city of Tijuana is not in the United Arab Emirates.,1,Tijuana,the United Arab Emirates,Mexico,True,True,False
Alice: The city of Jos is not in India.,1,Jos,India,Nigeria,True,True,False
Alice: The city of Managua is not in Turkey.,1,Managua,Turkey,Nicaragua,True,True,False
Alice: The city of Ha'il is not in China.,1,Ha'il,China,Saudi Arabia,True,True,False
Alice: The city of Ipoh is not in Brazil.,1,Ipoh,Brazil,Malaysia,True,True,False
Alice: The city of Kuantan is not in Malaysia.,0,Kuantan,Malaysia,Malaysia,True,True,False
Alice: The city of Maiduguri is not in Nigeria.,0,Maiduguri,Nigeria,Nigeria,True,True,False
Alice: The city of Yangon is not in Myanmar.,0,Yangon,Myanmar,Myanmar,True,True,False
Alice: The city of Yangon is not in Kenya.,1,Yangon,Kenya,Myanmar,True,True,False
Alice: The city of Kathmandu is not in Nepal.,0,Kathmandu,Nepal,Nepal,True,True,False
Alice: The city of Las Pinas is not in the Philippines.,0,Las Pinas,the Philippines,the Philippines,True,True,False
Alice: The city of Las Pinas is not in Yemen.,1,Las Pinas,Yemen,the Philippines,True,True,False
Alice: The city of Rostov-na-Donu is not in Russia.,0,Rostov-na-Donu,Russia,Russia,True,True,False
Alice: The city of Rostov-na-Donu is not in the United Arab Emirates.,1,Rostov-na-Donu,the United Arab Emirates,Russia,True,True,False
Alice: The city of Ibague is not in Colombia.,0,Ibague,Colombia,Colombia,True,True,False
Alice: The city of Xinyang is not in China.,0,Xinyang,China,China,True,True,False
Alice: The city of Wanning is not in China.,0,Wanning,China,China,True,True,False
Alice: The city of Wanning is not in the United States.,1,Wanning,the United States,China,True,True,False
Alice: The city of Shijiazhuang is not in China.,0,Shijiazhuang,China,China,True,True,False
Alice: The city of Shijiazhuang is not in Uzbekistan.,1,Shijiazhuang,Uzbekistan,China,True,True,False
Alice: The city of Laiwu is not in the United States.,1,Laiwu,the United States,China,True,True,False
Alice: The city of Changchun is not in China.,0,Changchun,China,China,True,True,False
Alice: The city of Changchun is not in Germany.,1,Changchun,Germany,China,True,True,False
Alice: The city of Varanasi is not in Turkey.,1,Varanasi,Turkey,India,True,True,False
Alice: The city of Puducherry is not in India.,0,Puducherry,India,India,True,True,False
Alice: The city of Bhopal is not in India.,0,Bhopal,India,India,True,True,False
Alice: The city of Kanayannur is not in Saudi Arabia.,1,Kanayannur,Saudi Arabia,India,True,True,False
Alice: The city of Kirkuk is not in China.,1,Kirkuk,China,Iraq,True,True,False
Alice: The city of Tangerang is not in China.,1,Tangerang,China,Indonesia,True,True,False
